,customer_id,VENDOR
25,N41VQEP,196
26,IZ17PI0,196 196 196 196 196 196 196 196 196 196 196 196 196 196 196 196 196 196 196 196 196
44,KHL0M3N,231 231
53,1WUPJGN,231
59,NPO5O5W,196
64,XOIAMO3,196
78,9R7Z8H2,243 243 243 243
97,RRVZGFC,196
108,V5EUZQT,243
114,OQ27G1K,243 243
144,5ISO1P9,196 196 196 196
153,4JFU82B,243 243
161,81IWBP7,243
185,X8NVUI9,196
186,6E4TG5L,231
189,FO7VVTC,196 196
193,RYV1HLM,231 243 231 231 231 231
201,KQKMTKG,196 196 196
211,3C0R3BF,231
212,8WA8L10,231
215,CHOGUPR,196 196
219,P9PGO2N,243
227,9XPYHT6,196
228,4AU73XO,243
232,PQB9ZOG,243 243
234,BRZ7ZFO,231
274,XN02EHS,243 243 243 243 243 243
275,ADRN8OK,231 231 231 231 231 231
290,3V1MHJ2,231 231
292,XABB70S,231
295,AZ0OGDU,231
307,OHBXQDW,231 231
319,FJ5PDVP,196
322,LXL4T3C,243
343,BQG3CJO,231
346,84X44S0,243
351,CF80YUJ,243
355,3Z3DV1U,231
395,2LS6BMO,243
421,MR6ILXL,231
428,QXDLX5M,231 231
430,PU6K5XR,196
439,X4EU9W2,231
448,088BPLC,243
451,8Y9TT65,231
460,YU90KWF,243 243 243
469,3SALXXF,196 196 196 196 196 196 196 196 196 196 196 196 196 196 196
482,7AMCAGF,243
508,CRR5IEM,231 243 231 243 231 231
510,LXEOMC2,243
518,2QOHAEK,243
528,OMBIGUA,243 243 243 243
533,N0F6B6U,196
537,T3B3XIT,243 231 231 231
547,Y2KTJW0,243
553,179E40X,231
558,68SWMQD,196 196
561,N7AGZT3,243
568,Z81ASO5,196 196 196 196 196 196 196 196 196 196 196 196 196 196 196 196 196 196 196
569,T6E6ON8,196 196 196 196 196 196
571,D81AWVZ,231
572,802HAX2,196 196 196 196 196 196 196 196 196
573,HPVGNNB,231
581,NSAOM7R,231 231 243 231 231 231 231 231
582,EL4KP47,231 231
605,Y8OGZS1,196 196 196 196 196 196 196 196 196
620,73J34HG,196 196 196 196 196
626,O4P6IC8,243
628,F8SFBID,231
631,71H1BZY,231
637,32I95EF,196 196
645,U9ECWSY,196 196 196
646,88R02RZ,243
664,R39IX49,243
666,91OOARV,231 231 231 231 231 231 231 231 231 231
672,U0CQCS8,243 243 243 243 243 243 231 243 243
673,C1ZL2MU,196
679,838FTYV,231
684,1VT3RQW,243 243
687,KHJ5CFI,243 231 231 231 231 231
688,891G0JF,231
690,KNSNC27,243 243 243 243
694,ED14FYC,231 231 231 231 231 231 231 231
701,PVY5BS5,243
704,PZPYWHI,231
707,G023BLI,243 243
713,6ZYYJ07,196 196 196 196 196 196
717,2I0QXOC,243
718,1LQL8IF,196 196 196 196
720,3X0A9IZ,243
739,1XBRTHF,196 196 196 196 196 196 196
742,Z3XUKYJ,243
748,TFKFBRY,243 231 231
773,1D4RL27,243
780,MXN60X0,231
781,HPOVV62,231
792,D4Q7TMM,231 231 231
798,I0R1QO8,231
803,1773EV6,196 196 196
806,IL9MJSW,243
817,E4NWJGE,231
869,4JP48UL,231 231 231 231 231
877,W1YYT9U,231 231 231 231
883,4SBWUT3,231 231
907,RU1263J,243
908,ZPWA3IC,231 231 231 231 231 231 231 231
911,11ZIT7S,196 196 196 196
912,R4ZSKXR,231 231 231 231
925,59Z0F26,231 231
926,X25Q7CG,231
933,NWMXI2I,231 231 231 231 231 231 231
938,RGX6WAA,231
942,1C2YXTT,243
946,B5OOV5C,231 231
950,JSUVJAX,243
961,FM4BTT1,231 231
962,EPXDEW9,243 243
963,X2IUBZQ,243
966,NJQ0H3A,196 196 196 196 196
969,WH3VO62,196
978,FI5SNDG,243 243 243 243 243
979,XTA4RMO,231 231 231
983,9X9TDRM,231 231 231
987,9WDM7ED,243 243 243 243 243
995,RZFR8K9,231
998,0WID5QE,243 243 231 243 243
1005,UJ96Q01,231
1006,K33CA1S,231 231 231 231 231 243
1014,M0N2T37,231
1017,G9VUPZP,231
1019,MJXU95T,243
1030,HZIF24T,196 196 196 196
1034,S79Y052,196
1043,CJH8PHJ,243 243
1067,XDNS6K9,231 243
1070,RAY8DQP,196
1072,NN0GB6O,231 231 231 231 231 231 231 231 231 231
1074,D57OJVL,231
1077,8DDDHSD,231 231 231 231 231 231 231 231 231 231 231 231 231
1113,M8CF2DW,196
1132,PWL8UVT,196
1161,BX2RC89,231 231
1162,FBKYXMK,231
1163,AFJYNHD,231 231 231
1172,W2FNZNS,231
1177,TDMKJRC,196 196
1178,4RFUJ1W,196 196
1181,0W01OO6,243
1187,4W9SHUX,231 231 231
1188,13P0LFL,231
1198,VN0MJ81,196
1202,CVAKY01,231 231 231 231 231
1203,CGIGM1S,231 231 231 231 231
1204,LUXTIVJ,231
1223,A1IF1BK,243
1224,POQYCGB,243
1253,AHAOV5O,243
1258,I80PKM7,196
1259,ENS6KUT,243
1260,QHN66FV,243
1266,V4LP9SX,243
1268,2D7WW51,231 231 231
1272,9XUX78I,231
1273,O2YOBVN,231 231 231
1276,VV5W321,231 231 231
1288,WH9WF3W,231 231 231 231
1294,4ED20DA,243
1296,9Z08803,243 243
1323,SDQR5EC,231 231
1329,C0Q8F5Z,231 231 243
1331,YWUO19K,243 243 243 243 243 243 243 243 243 243 243 243 243 243 243 243 243 243 243 243 243 243 243 243 243 243 243 243 243 243 243 243 243 243 243 243 243 243 243 243
1336,5S7GVTA,231
1339,QGCBDLU,231
1348,1626YWM,231
1349,ZOXL30A,231 231 231 231
1351,17G68M0,231 231 231
1352,4VNX5O6,231 231 231 231
1353,E8A5ZQY,231
1369,269RBNP,243
1390,9M3M21S,231 243 231
1392,3HIEDNU,231
1394,P6ZQHWF,231 231 231 231 231 231 231 231 231 231 231 231 231
1424,PGN613A,196
1428,URLP7T1,243
1430,KGFDEDG,231 231 231 231 231 231 231 231 231 231
1436,9P8VL8C,196 196 196 196
1463,ZEPB0D7,231
1469,VPN0B8I,243 243 243
1477,6BH5VS3,243
1488,GBI3U24,196
1490,THFOHTA,231 231 243
1498,1Q77U57,231 231
1521,QHADGS6,231
1531,YOZ60T3,196 196 196 196 196 196 196
1535,RNROIHJ,243
1537,53ZPRG3,243
1540,4AZYXN6,196
1552,MTDV9DM,243 243
1562,2KCDRTW,243 243 243 243
1567,QM849BC,243
1568,B2RJK5F,243
1570,5BRQMRI,196
1573,IKHPE9Z,243 243 243 243 243
1575,9NROS0W,231
1578,BXH07NV,196
1584,GIMI3RX,231
1662,OE4M33Z,243 243
1663,I4LCRRH,231 243 231
1675,GM27O91,231 231 231 231 231 231
1697,UTJC0N2,243
1704,Z1C3S5S,243
1719,Q453VBY,231 231
1731,2UX6GG0,243 243 243
1732,ZYFTYUQ,243 243
1748,AA65956,231
1756,TIFHOL6,243 243 243 243 243 243
1760,ZY8AG3T,243
1761,2CG58O1,243 243 243 243 243
1849,X5N5DJ7,243
1861,SUG9CGQ,243 243 243 243
1885,8JXJI60,243 243 243 243 243 243
1906,5JWHW2V,243 243
1930,ZEXB238,196
1946,UACSN8Z,196 196
1956,FFWOF83,243 243
1957,HKFKRN5,243
1968,YUW2ACV,231
1978,VS80IO8,231
1996,G58SMGJ,243
2004,2ZU616G,196 196 196 196 196 196 196 196 196
2034,1OJ8LI2,196 196 196
2040,Y2AJP5H,243 243 243 243
2042,F62EOB7,196 196
2046,UPE7I5J,243
2056,PMNMY38,243 243
2068,9R5LUYO,243
2076,7OWVO1J,231
2084,VB8YH61,196 196
2103,W4TMTEZ,231
2106,N34PXLO,243
2119,T6OFRAP,196
2132,MW3SULA,243
2145,IFZB6X8,231
2157,3XV3MK5,243 243 243 243 243 243 243 243 243
2159,EWDW8IY,196
2161,NX237IG,196 196 196
2169,WTLQULY,243
2185,Y89R3LV,243
2244,EVC12IN,196 196
2304,RAMORUB,231
2333,463IPVQ,231 231
2348,UJCS9G3,243 243 243 243 243 243
2355,JQKUX4F,196
2362,RWBAQYA,243 243 243
2366,MFSZVI8,243
2383,MTZV2FZ,243
2390,AEHSJ8E,243
2391,OQJS8CV,243
2395,XFI38CE,243 243 243 243 243
2397,FWOJLVF,243
2401,2R09507,196
2410,O6X8ZWY,243 243 243
2422,V8AKNIM,231
2424,9XLJSB1,243
2433,U54K1YQ,243
2480,HADVDHL,196
2482,1WQUQ2U,243
2486,0SRVRV0,243
2492,4N052QL,243
2504,WOO3RHZ,196 196 196
2510,NQJNM4U,243
2514,9B46B2E,196
2522,APVLAQ5,231 231 231
2534,7GOPKG8,231 243
2545,EDZDSH7,196
2555,NMNBY5W,243
2559,58NY04X,243 243
2631,09C1RHB,231
2636,C6AC2D8,231
2647,7V4RYX2,243
2668,0IZ6XQH,231
2686,1WJM9K3,243
2688,KJUDM35,243
2705,WQ9CCON,196 196 196 196 196 196 196 196
2712,EA81QQQ,196
2720,D6TNPC5,196
2728,A1XDJ83,231 243
2737,J6HZ0WY,196
2744,NWS5K6H,231
2754,F5JK92T,243 243
2761,JX1C09T,231
2782,X3MUR9S,243
2788,M2PLKLD,243
2791,1KY10IG,243 243 243 231 231 243
2792,LCY5W4A,243
2806,XAMF9QJ,196
2807,GXDIAFT,196
2809,YRJWIPY,231
2825,J5CJIHE,243 243
2829,CS751F3,243 243 243 243 243
2842,4OO8G4N,196 196
2843,ZPNWAZ5,231 231
2844,VO91UMD,231
2846,D7PMMXZ,196
2861,B9HSJBN,243
2865,V62H7KP,231
2891,BI85HB8,243
2902,RXJJ5T2,231 231 231 231
2908,IRQ6E5H,231
2910,CN85N46,243 243 243
2911,AHGMDJO,231
2912,E9A0WO9,243 243 243 243 243
2913,FBF1FDD,196
2916,4ABZZJG,243
2922,X65DCB1,231
2925,XO9SSA5,231
2938,SN0Z8SJ,231 231
2946,G0URVPU,231 231 231 231 231 231 231 243
2949,OOS1QBW,231
2950,CDU2IDX,243 243 243 243 231 231 243 243
2952,3VEB22O,243
2954,MO4VTH7,243
2975,84JDKMP,243 231 231 231 231 231
2982,FAQZF6C,243
2986,I3UZSLJ,196
3003,HG152L4,196 196
3059,93H93XT,231 231
3065,3XV0UY6,231
3073,PFVRF3B,231
3077,4BFV9LO,231
3081,FT1KOST,243
3082,83V3KN8,196 196
3088,F1UGKCU,231 231 231
3114,0DOHXFH,243
3115,5649UWX,243
3124,AQYACEX,196 196 196
3130,ZNEY242,196 196
3137,AAEVP77,243
3143,55V2LVP,243
3146,FP2LC1P,231 231
3172,82G0IGW,243
3191,1NNOU6M,243 243 243 243 243 243
3211,DP1ELUR,196
3213,OOINMCG,231 231 231 231 231 231 231 231
3214,LIJY469,243
3218,MB6W4FT,243
3219,V2V10NP,231
3220,1ANBI27,231
3223,34739MS,231 231
3228,B8JMOAW,231
3239,BLNO43H,231
3243,IAK7GJ2,231
3244,XAKD22U,243 243 243 243 243
3245,J8F6WKQ,231
3247,SUZWGCT,243
3252,1KFPZDA,243
3257,KMQ4OBV,243
3259,LJAUI2J,243
3263,BXXYFJK,243
3264,6S9427H,243
3266,XHW1BRF,243 243
3268,OIC4Q2V,243
3269,RV1ENCZ,243 243
3273,YW8TF5B,243
3276,G3E5EME,243
3277,HWOJNTS,243
3278,P0DM87O,243
3280,ECKPGMP,243
3282,2T63T0T,243
3283,Q5O3Y8R,243
3285,KO1ILBX,243
3287,OLF5T42,231 231
3288,D6MK78Z,243
3289,NZFWQPA,243
3290,BJ67GVH,196
3292,2C1AWNC,243
3294,PELP4CQ,243
3296,LOS37XR,243
3297,JXC8BV5,243
3299,KX2Q603,243
3300,WMA5NZ4,243 243
3301,41HLHX5,243
3302,CSFG5CC,243 243
3303,ZQVHQQW,243
3304,M11WLIJ,196 196 196 196
3305,6ZIETEX,243
3306,6EATU5G,243
3307,I30Q3IC,243 243 243 243 243
3308,75KAUNJ,196 196 196 196 196 196
3309,JMGX2YI,243
3311,BSF3MCI,243
3313,A5YN37R,243
3317,XZ030X8,243
3320,JPSNUO7,243
3321,3NRDEAW,243
3322,5D02POR,243
3323,ZZYY4EX,243
3324,T3Q9M8R,243
3325,F15ZUCU,243
3326,ZI65D7C,243
3327,3AKIJ6O,243
3329,LUEKM2H,243
3330,VTWXQ81,243 243
3331,EW4KTRC,243
3332,47CBFKC,243
3333,2HYR0QK,243
3334,8FBUUKQ,243
3335,DGIPU6T,231
3346,5PH5ZKX,231 231
3356,79D9ZNU,231
3367,V2A9RXW,243 243
3375,C0UJEB9,243
3376,2RUI8S7,243
3378,0UXB577,243
3379,T6PUATK,243
3381,SSFZ9O6,196 196
3384,00R9C57,243
3385,SZPGIKG,243
3387,8PSJVBS,243
3388,JNVC68C,243 243
3392,U0EYYAG,243
3393,UBE3OMI,243
3394,M6G9BQ3,243
3395,O8IUY6Q,243
3396,B8M7RKK,243
3397,Q8G8K1V,231
3398,Y411EBJ,243
3400,141KIOW,243 243 243 243
3401,3D2XZS0,243
3402,45R1UDO,243
3404,0JU5CIV,243
3406,XXGMZWF,243
3407,J3R4RB1,243
3408,PBG66D3,243
3412,9RINL3P,243
3413,WFI7JS1,243 243 243
3415,R8B48X5,231
3417,JB3B2IE,243
3418,098AGWK,243
3420,18A6V77,243
3421,0S0UEGA,243
3422,RP0D6HU,243
3424,NX9RS4L,243
3430,4SPO4N8,231 231 231 231
3436,AY27M81,243 243
3444,UYF2X1Z,231
3445,OJSYIV7,231
3453,DPJQXKV,231
3463,5RGJNIS,196 196 196
3476,HJ3PM84,243 243 231 243
3477,O6EJLB8,243
3480,SR1E81R,243
3485,A5PEW70,243
3488,5626IG9,243 243 243 243
3537,LYHPISC,243
3541,Y888RQY,196
3548,Z7IXSQB,196 196
3550,URWZLL0,243 243
3556,J2LYLXT,196
3557,TZ3F7BZ,231 231 231
3563,BHJ4HX6,243
3599,2WX8MWH,243
3607,XELUFV4,243
3613,J3KO7NI,196 196 196 196
3615,UOD3O4W,243 243 243 243 243 243 243 243 243 243 243
3637,W48IXG8,231
3667,0N718TS,196 196
3673,SN1NUNL,243
3698,HLP94M6,243
3705,GDU8FTL,196
3710,FZ09ZQ7,243
3720,IF5UB15,243
3727,9VVZD10,231 231
3729,TM2TSX5,196 196 196
3752,AXPWO0E,231
3757,TW0NKFK,243 243
3765,PWW9HST,243
3773,778SQZ9,243
3779,FZ1RYG8,243 243
3784,Q0XGA32,243 243 243
3789,B1K39Q2,243 243
3792,23OQ46N,231 231 231 231
3794,QZ9Z1LI,231 231 231
3795,OHWIC3E,231
3805,KMBFRL0,243
3809,CYUENA5,243
3824,YW6JF0X,231
3825,IPSCFOG,196 196
3850,M6YKSMY,231 231 231
3851,6DF9MQC,231 231
3855,Y5DC6K1,196 196
3873,0QFNZ9Y,243
3882,DATUL6X,231 231 231 243 231 231 231 231 231 231
3893,NDYHJNL,243
3896,2CJHHP8,231 231
3902,XG19DGO,243
3907,IBGEFKJ,231
3910,R76QIUQ,243 231
3912,YVLGYCJ,196
3915,QMC4XLH,243 243
3918,LH7VPI5,243
3925,LRKPBQV,243
3926,OM77TYL,196
3929,ASSDJVR,243
3947,E7CBW4N,243 243
3955,02Q9OLI,231
3965,CMUMV1B,231
3966,UGLF11F,231 231
3974,ZKDG9KF,196 196
4022,DJ93DZS,231 231
4043,IQ6SGDS,196 196
4047,Q9IU7Y6,243
4051,VDWKXOZ,196
4074,ZB5RIX1,243
4076,K1ZFVS7,243
4079,PZJ0O8L,196 196
4096,LSBF14V,196 196
4118,URB3NDI,243
4125,PLW3RCJ,243
4133,F68WRUW,243
4135,TBGJ2W8,231
4146,O415JDN,243
4149,33X2DIZ,243 243
4152,CQSB5NM,231
4169,ABINYQD,243
4182,DSC4G7Z,243
4186,ZPYAYDI,243
4193,23O3D9K,196
4198,ZGUM4KF,243
4209,IKIBO6C,231 231
4236,3P02A7I,231
4238,37BTJQV,196
4241,8XAMIOT,196
4247,2VEYLKG,196 196
4259,MW8IN65,243
4270,UROU45Q,243
4284,IQ49BIB,196
4290,XY6N5WX,243
4302,3UAUT5B,243
4313,FSAI16J,243 243 243
4326,4R4PD90,243
4348,SCTUDNM,243
4365,MO0Z33E,196
4368,UVNVPJ5,243
4370,KPYY4SJ,231 231 231 231 231 231
4376,WON204T,243
4392,JSGNJSI,243
4398,6ZATWUE,243 243 243 243 243 243
4406,Z4WTLL0,243
4428,QHDN53L,196
4429,LE4ZOQZ,196 196 196
4430,MGLOW49,243 243
4435,YEN89K3,243 243
4437,E993MRA,231
4443,NNY5MTX,196 196 196
4461,AQCDBG4,243
4464,0GKTXC4,196 196 196
4466,JF2IIID,243
4477,9VT7P1L,231
4485,PVEP9F4,243
4504,HA6WWLG,196 231
4518,2JHPZ0O,243
4540,BS84RIM,243
4542,6TXNS86,196
4572,WR4H5WN,231
4636,ODNDS7L,196
4642,Y8O9FVS,196
4655,BKMPQUM,243
4658,HP27F1Z,196 196 196
4671,9XOSBVY,243
4675,IXBMVT6,243
4688,J499IB9,243
4709,9PC7WKI,231
4715,2VB8J3J,243
4723,JBWGC3C,243 243 243 243 243 243 243 243
4727,LBJJKVS,231 231
4734,W4I16CN,243
4735,IPEL23S,243
4737,KMXJIDA,231 231 231 231
4755,WBQ9V8L,243 243
4756,ED44OH9,196 196
4763,9BIDDA0,196 196 196
4767,QLQW5J8,231 231 231 231 231
4791,KYDSBZH,196
4792,ZE3UWNG,196
4816,BUAP25P,243
4838,3QSQ2KI,243
4843,QKEKL3Y,231 231
4844,5Q4USUY,231 231 231 231
4847,D4N9JMT,243
4849,J2QGP3K,231
4873,HTZT2LY,231
4879,F2IALIY,196
4893,72UYIUA,231 243
4921,1LUAOFJ,243 243
4927,I0Y9XWS,243
4928,7XMB1RL,243
4932,D06B291,196
4942,W38L0FQ,231
4948,HP9ZPZ3,231
4958,0B3QNQ5,231
5027,VDAP9UN,231 231
5037,496VIYF,243
5083,TVAEGKC,196
5113,T5FL7WO,196 196
5117,QH39BM1,243
5120,1GIIB4V,243
5125,F4CQLR4,243
5135,5IKA2LC,243 243 243 243
5142,0DYJLOF,243 243 243
5143,3MTFW7W,196
5179,1W0AW9A,243 243
5195,TAXY1ZC,231 243 243
5213,5Q4OUTE,243 243
5215,6H6CGAG,243 243 231
5222,Q8SYKMQ,243 243
5225,JNZ9T0I,231
5241,XUSOIIK,231
5250,G1CXT4B,243
5253,LMIB9T1,231
5254,P29X0GZ,196
5258,YUC2LGI,231 231
5269,4KQQZRJ,196
5278,QKMZYXM,243 231 243 231 231
5289,IB6GKGT,231
5295,ECV4XCB,243
5303,Y1PC9L2,231 231
5319,P61IAEA,243
5325,Y38VYBZ,243
5326,CW1Z5KA,231 231
5329,DUJF7L7,231 231 231
5340,B0BZ2RL,243 243 243
5348,J4MG3GW,243
5357,OWW2OEP,243
5372,FODKOKN,243 243
5376,OCGBHDB,243
5377,DFB1R40,196
5379,991ETYD,243
5381,925LGY2,231
5382,3C9X0XE,231 243 231 231
5384,89OCSC5,231
5387,MUKR0JA,243
5397,JHZLNRX,231 231
5428,HFT9T6M,243
5443,C3W1XE0,243
5455,SYEN9EM,231 231 231 231 231 231
5456,NXM0O9A,243
5458,3UPWKFR,243
5477,XT0RHK9,243
5478,0OQEHB4,243
5489,G4V82GX,231
5493,0VWR61B,243 231 231
5500,N3D2I93,243
5506,78FVP07,243
5507,43WRV7T,243
5514,FXTHGDP,243 243
5520,R2PVLKU,243
5525,IZVVHKK,196
5528,2YXLN4W,243
5536,UIXCKU6,243
5542,84LHOYL,243
5546,HTXSQZJ,196
5550,MVTCQ6V,196 196
5558,49ISCO2,196
5574,VCCUK0K,196
5582,LCBUWT8,231 243 231
5584,EHOBHX0,231 231
5604,N878GS0,231 231
5624,13HY3SZ,231
5626,14OZ82B,231
5628,7RFJXCG,243 243 243 243 243
5629,QG6KMBN,231 231 231
5633,987BLM4,231
5642,G074DS5,243 243
5651,POCZ19H,243
5652,4GLDJLY,243
5666,BDXGSUF,243
5672,0WC3Z55,243
5675,VJ36CYJ,243 243
5678,YIIPP4V,243 231
5687,MYS96E1,243 243
5698,R4ODM2E,196
5707,4W92U09,231
5722,X6QBJMD,231 231 231 231 231
5742,SVDG8PX,243 243 243 243 243
5743,QHLKMNI,231
5747,RVU00G1,231
5756,OA3ENMD,231
5757,OM1VPKR,231 231 231
5760,29HPKSR,243
5769,XUQV9XI,231
5784,1JYD1MV,231
5800,0BITNUZ,243
5813,X8PRI1Z,243
5835,4ANAQOI,196
5840,YYHBKZ7,231 231 231 231 231 231 231
5842,IHI4SKI,231
5845,OFCTQYS,231
5853,UQ99AXL,231
5859,DWZ87C1,231
5880,CQUDEY3,231
5914,VUNDNK9,243
5924,P4U1UOC,231
5935,4R0RGFU,231
5939,3MAUCB0,243 231
5951,860V4UT,243 243 231
5964,UCLUWLI,243
5975,UM8DI7N,243
5985,HFS9ITQ,243 243 243 243
5986,NNCWVHJ,231
5998,955XR7B,231
6022,MNIFZJK,231
6023,JALMVNE,243 243 243
6052,96R6ZP5,231
6057,4EPS6NH,196 196 196
6076,I2H7WUC,243
6080,RMDPGQR,243
6082,0IIE61O,243 243
6109,WJ6D945,243 243 243
6111,3R8DT9C,196
6112,07CCW9F,243
6166,OL1EW1M,231 231 231 231
6191,NUSTDRB,196
6192,P74AP4R,243
6198,VZS3CRP,196
6201,I68KFB1,243 243
6202,GIW6H5Q,243
6206,1T3I2OB,231
6238,CYF9XY5,243
6282,R9GD08G,231
6285,RP80RBC,231
6286,VSEBM93,243
6290,VWRYONQ,231
6298,7V53UPL,243
6313,JSKPWY5,231
6315,SXWISQ6,231
6345,G2E5Z4V,243
6349,WVYIOB9,231
6352,DUVWQXP,231 243
6358,DB9DW4K,231
6359,QKMQY85,231
6362,P9FAHDK,243
6374,9B0U82N,196
6379,GMJ99D6,231 231
6396,RI7J36E,231
6417,1FFU6DG,231
6435,NBH5YBK,243
6436,REHZITA,231 231 231
6438,VD7HX3F,196 196 196
6446,W4XUDNO,231
6453,RMAZD1A,243 243
6469,8WLZYBF,231
6473,YX13VJX,231 231
6508,8C5CCFY,243
6509,FL91FHD,243 243
6514,XLHJYKP,243
6515,2M0YS6V,231
6541,6K8TLT0,231
6543,6TQW9ZS,243
6573,49W2Q9I,231
6584,R10OW1F,231
6593,YQNM0JC,231 231
6596,MOEVEPB,231
6598,AYPZ7WX,231 231 231 231
6623,UI5IKWK,243 243 243
6624,A27HKC9,231
6636,WM6KURU,231
6637,0IKT962,231
6666,7NMDRX4,243
6669,QZ15OWI,231 231
6679,413ETX4,243
6682,1ANZGE9,243
6690,L7PZ0FS,243
6708,OF8HJYC,243
6711,GI9VVDK,243
6720,2AOIJMF,231
6747,SBOZJ3J,196
6751,3WBL5YL,243
6752,UYQDW2Y,196 196 196 196 196
6754,NKNMGRV,231
6757,KGHM7N0,231
6759,OG311QZ,231
6760,LPHPPBY,231 231
6787,KNBXUH7,231 243
6830,MQVSCKY,231
6850,ESWPA71,243 243
6851,MYSXNO1,243
6859,UQ1D9YH,231
6860,ERLZIM8,196
6866,80CT0D5,231 243
6870,1J3IMX3,231
6878,JDYK1O5,231
6883,7K3FXER,196
6892,1Z68K58,243
6894,5GBBNME,243
6902,V6UOZCP,196 196
6903,5EV0DSR,196
6911,JDB72VQ,231
6912,PKGXEU4,231
6919,VMXUTGM,196 196
6945,Z69IVC7,231 231
6985,UI7IB44,243 243 231 231
6995,BALLCIT,243
7003,F1YLIH9,196
7005,AQK6R6E,196
7033,2RQMQP8,231
7035,I8NCD35,231 231 231
7036,IFD5274,231
7083,TUGAXYZ,196
7096,KBR39IF,196
7121,TPQ9S9C,231
7133,S8W4DW5,196 196
7148,GWY1BOP,231
7160,6PYWZE2,243
7186,FDTQ1AF,243 243 231
7191,I2049QN,243
7218,Q20YRG8,231
7231,3OLN7U7,196 196
7239,286LDGG,231
7249,HM7O1Q7,231 231
7250,VUJKWO3,243 231 243 243 243
7258,CERBJWE,243
7263,GU57ZGL,196
7280,62T5Y19,196 196 231
7281,FWY41NX,196
7284,IK9V41I,231
7306,09Z9QF9,231 243 231
7320,AFEN3NK,196
7325,D49Z3G0,243
7328,0N03YCJ,243
7335,9KZF7JN,196
7336,WFMRPWW,196
7339,9BWTODJ,231
7349,ARQOGHP,196
7364,HA0CDGI,196 196
7373,7TK2FE2,231
7380,Z5Z6BH6,196
7385,8IKPGRC,196
7388,XYPU6M8,196
7389,03A5JNU,231
7402,PLDEBZ5,243 243 243
7428,LDR7K7A,196
7429,DXHU96T,231
7446,IF90YDU,231 231 231 231 231
7448,TESHJZI,231
7454,4808LFG,231 231
7456,B4SXIJK,196 196
7461,TRX0JD0,231
7511,32PTSY8,231
7523,SHEMOCN,243
7525,2XE0ECE,196 196
7527,7HR7YOH,231 231
7531,NSXGDY2,196 196 196
7532,TOVXY7E,196
7544,YZYR76X,231
7558,U03FGD0,196
7579,Q7CM3S4,231
7599,VFJSM4Y,231
7601,NS93FIR,243 243
7613,B97STTD,231 231 243
7635,QACDXPD,196 196
7638,X57EKDZ,196 196 196 196 196 196 196 196 196
7639,IAZQ6DP,196
7682,BWSPQGG,196 196 196 196
7688,X4VFOAV,196
7693,A989XJY,243 243
7698,6FOKSBN,243 243 231 231
7705,FI28PEX,243
7721,VKTEDXY,243
7728,946X3HJ,196
7741,90ZJ9RM,231
7802,XQGF75F,196
7810,7NZDOOI,231 231 231
7823,0ZOSDTW,231
7893,CIBHBIZ,243
7900,LKL6TTF,243
7905,3E6L5B6,231
7932,XELEWE9,231
7939,R11IS7A,196
7943,7MDDEGP,243 243
7945,UC8MDVT,196
7958,930S5WH,231
7959,J734SVW,231
7962,XFVL9C0,231
7979,MJAZ629,231
7990,6P8KO5Q,196
7998,B7UI9ZN,231
8014,BBJNJ10,231
8078,MM0GRQY,196
8088,J92E48R,231
8111,0P5989J,243 243
8117,M6GANSJ,243
8135,BM8RON8,243 243
8140,MFU0R3B,231
8161,GB81AGC,231
8226,I5T0IJ1,231 231
8234,825HW0Z,231
8256,SRI2U8O,231 231 231
8260,63IWU7U,231 231
8277,QB564GC,231
8279,AIVGQKB,243
8284,P2DV6TZ,231
8300,4BQUQHX,196
8329,J8096J3,196
8352,B4TPLU7,231 231 231
8355,3FRBLGC,243
8397,9TWHX81,231 231 231
8421,8LA6LWC,231 231
8424,DA93UZ9,243
8428,RBZRBW6,196
8441,JHA6PL2,243
8445,NDRCJLE,243
8469,7GXZ5I9,231
8496,D2QXE0Q,231
8497,MSYPQKX,231
8508,9CNAS69,243
8513,MFXJI42,243
8529,PZE85R8,231
8532,F2IOQF7,231
8543,7DJ5JME,231
8571,C5PT8UJ,231
8589,NP5CHP1,243
8602,8TGL8AO,231
8606,6UP9ZF5,196 196
8634,S0A8VBV,231
8652,QTTHNLC,231
8661,J8PZVU0,231
8685,IOHT98X,231
8689,ZRSKN4W,243
8695,BPZPAPX,231
8703,H0OS35Q,231 231
8714,6US7NK1,196
8723,Y5N9KSB,243
8735,WO6UYU7,243
8782,ZQLMSA0,243
8803,ATJPOCF,231 231
8805,G89SYZL,196
8826,DR2PR9U,231
8852,X4A0182,243
8854,SJW2TPF,231
8857,BO0OU6A,231 231 231
8860,MBLNLLF,231 243 243
8862,CP1JLP5,196
8903,E1A048M,231
8928,AXT1Z5O,243
8944,X3Y63L9,243 243 243 243
8998,1PY2ZQK,231 231 231 231
9016,EB010N2,243 243
9024,VST9J5B,231 231
9031,DOBUHJQ,231
9034,2BRIX07,231
9044,I7VJ5IV,231 231
9063,VBF5W32,243
9066,JP680MP,196
9086,QPKP7XH,196
9109,36770BY,243
9116,1JCMJ3K,231
9148,15GET7S,243
9190,X77VR4W,243
9196,N3L2T4R,243
9219,NDSP8HQ,243
9225,94XZPT4,243
9226,LSNKFTR,243
9256,FVQ8HRE,196 196 196
9269,WSH4HWQ,243
9302,SML83HZ,243
9309,0M3O0TL,196 196
9326,9287YRM,243
9335,L08FMFR,196 196
9348,K3P128Q,243
9349,VQ36ZEG,231
9375,6L7ME0W,243
9386,SVGPSY4,231 231
9393,650WJ6Y,231
9403,H0V3G7O,243
9436,16Q4LQ7,196
9452,2S3N7KX,231
9470,67HX1JI,196 196 196
9477,H7NJVJ8,243
9478,CS1XR30,231
9481,6RZ3HR8,231 231 231 231 231
9520,VZXR19O,196
9567,TUPXOI1,243
9608,YBK6G40,231
9615,DNR4XHZ,231
9633,WKU5X48,196
9651,KA4T2QR,231
9660,HTNCOZ4,231
9674,JKDC9XL,231 231 231
9685,WGZ4TBN,243
9697,SFR5FFA,196
9699,8TH8IWM,231 243
9713,HQDGH4S,243
9722,EG9ANVC,231
9746,HXYIRTZ,196
9759,0HA648F,231
9790,WMX5GK8,196 196
9796,J0IQBNL,231
9810,3VX0BSD,231 231
9885,U14U3MG,196
9904,MJIUZVN,231
9929,2SFHQT6,196
10020,1VHWCIR,243
10091,CVJ1WZA,243
10108,HS6WZ6B,196
10115,HUQB4OY,196
10151,27MSVQI,196
10158,CFHQ60J,243
10189,G0IX9DQ,196
10207,Y1U9WFS,196
10212,B77GHEC,196
10223,GAAWI1K,231
10231,44MVUZ7,196 196
10255,J8NPNRE,196
10264,QT3DM48,231
10268,SEOBBAN,243
10299,2ZG4VTZ,196
10324,55MCNEF,231 231
10335,M1Z6RLM,243
10347,7PSUVME,243
10352,BOZI547,231 231 231 231
10372,1WFOT9K,196
10379,APROA52,231
10396,TVB6ZHP,243
10467,E37QYM2,243
10487,8SXGFOX,196
10531,LDTQHNQ,231
10532,XHFDRQD,196 196 196 196
10535,FBGZMA0,231 231
10540,IKKTUOL,231
10562,2DBPQ5X,231
10645,NK04YKN,231
10648,Q9HION2,196
10651,L2RCXV4,231
10662,V8HOR8X,196
10678,IX94HGM,196 196
10705,US8O108,243
10706,0ENW8K2,231
10746,N06QP6H,243 243
10753,LLP5RVM,196
10754,ALWZAB8,196
10766,J0Y16IP,196 196 196
10805,38A59E1,196
10809,ZI0KRRW,196
10817,EPBJCUJ,243
10829,8QQ0UEY,196
10873,CXY0N4J,243
10898,GNUQQUX,196
10915,JVKWJ5K,196
10928,T6FXU58,196
10929,7YWZAXL,231
10956,G6SEP5H,196
10970,NFKQ1YL,231
10974,2B2QKEA,243
10988,G5VZMSZ,231
11007,RYEE7FY,243
11019,MB6TPNS,243 243
11020,IM2GM11,243
11021,LRHM559,243
11025,T0AEZWG,243
11029,GOU71UY,196
11031,R08DHMR,196
11051,P6ZFEE3,231
11062,25LHGBL,243
11078,YAPFWIW,231
11088,RVISTKB,196
11093,Z12GMLD,231 231
11106,59XKYT7,231
11112,BB2I7RQ,243 243 243 243
11131,LX88109,243
11154,KXV4I2A,231
11160,6ETHYC1,231
11179,WDND1RY,243
11205,I80MTTN,243
11207,MFUK5NH,243 243
11240,H52IY5C,243
11252,5FHWAJE,243
11253,NETYQ1C,243
11258,IVWG08D,196
11293,87E2C0T,196
11313,AKQZTB2,243 243
11319,G5LF4VI,231
11348,304Y0FT,231 231
11354,5LGGPSS,243
11357,DV6P190,231 243
11368,QBBM4XX,243 243
11371,FDD67FY,243
11374,U5NMTDS,243
11393,DRNWZGY,231
11417,IKG2T6Y,196 196 196 196 196 196
11428,C91CAOJ,231
11433,96ZTKIA,243
11436,MF4AP2A,243
11437,O45M97I,243
11438,M8PF8RC,196 196 196 196
11452,A8AXT7S,231
11481,OUQM8A8,243 243
11482,JTYVBBW,243
11483,5SVPR3K,243 243
11497,SQHJXIK,231
11510,31LCWTN,196 196
11542,NWQY5GH,231
11544,8UG9609,231
11556,TUXMG0D,196
11563,ZRJCYYY,243
11571,Q0B0K75,196
11579,41SUK6Y,231
11586,RW2J595,243
11607,0BHQWOQ,196
11619,Q0H33H8,243
11623,W3IFY0K,231 231
11631,WGDIIU5,231
11652,BSEM29Q,243
11670,O1V1P3B,196
11680,5Q4AKNE,243
11711,3B0QDBR,243
11723,XGE7RDS,231
11759,CI52QA8,243 243
11769,WAF66QI,231 231 231 231
11772,C2FTN3B,243
11806,9V8L9I7,243
11817,W9DCGKO,243
11829,O9K0LUW,196
11863,1ITDRXV,243
11869,MZBG6UQ,243
11875,QHGEF80,231
11876,TAB3NH6,231 231
11879,V9P22LS,231
11929,DUPLJNW,243 243
11954,PN8OGWA,243 243 243
11977,R4D4AJE,231 231 231 231
11998,X74QIX2,243
12009,V5RCVO9,231
12032,I83SFWK,231
12042,KZIA61L,231
12072,7JRJOUE,196 196
12118,7PM9WM9,243 231
12169,178L3DW,196
12172,2F5RX1I,243
12182,NNZVJL3,196
12185,JMF2YPN,231
12186,AE3AUIN,231 243
12229,QJKXYN5,243
12249,6NJBSA4,243
12250,VNOY64A,243
12253,2H1C5NW,243
12256,IME4L4N,196
12263,5RZOCP7,196
12265,54M1R9R,196 196
12272,WRR5GLX,243
12281,1HDJHXM,243 243
12282,YMHNWIW,196 196
12288,NYX5T41,231
12305,BCSC9KB,243
12315,RVWO1OM,196
12360,8J3TWUV,243
12367,DA0YM4W,243
12371,PMN7C7T,196
12373,C73D8X1,196
12381,L97ATP0,243
12391,9VVKW5N,231
12436,XC7TWV7,243
12447,P0N25MN,243
12468,8XDP2I3,231
12474,2SSOIIU,243
12547,0H2QQYA,196
12557,MS7DN9C,231
12572,JAE0F50,243
12589,X8Z46R2,231
12600,1LEEB0C,196
12615,THE5R2Z,231
12622,OG1BKLV,231
12628,TBR3IGG,196 196
12629,C69BIEH,243
12655,54FROFC,231
12660,KSCKNNL,231
12668,9AU5OBD,243
12675,P33KUSS,231
12705,9WH9SNR,243 243
12753,7FR0SPO,196
12766,GNL1XVR,243
12774,4Z2M3MW,196
12967,H2DLZ6H,243
12969,P3ND65W,231
13027,WV2UCXU,231
13034,3E07BT3,196
13061,PRQODNF,231
13085,EW60PG0,196
13092,V60UG6Q,243
13132,FRNDF4Q,243
13140,G6MJYUQ,231 231
13147,H3R58MU,231 231
13169,RW2TOXA,196
13175,T7ADAPK,243
13193,LOEJY4F,243
13199,KN4FS11,196
13202,174FU0Z,243
13251,J155GH8,243
13253,DFWTCL6,243
13265,NUO5UXP,231
13280,3HNDPMY,243
13282,36PSR9T,243
13342,9VU0AQ6,231
13374,PEUD9CC,231
13398,FOCSVSS,231
13442,MCQT7XT,243
13449,93DLHIU,243
13450,S5V09MW,196
13453,ZWF27MA,231
13455,JM4AFP0,231
13477,R3CSC50,231
13485,W9349IF,231
13510,Z8PHBQB,243
13525,6HEZM5E,196
13527,NHQSU6M,231
13574,9OELQJJ,243
13591,O5P9X2J,231
13595,FOHRPG8,231
13621,65S4WX0,243
13628,VDQNCPP,231
13637,2ED1OJ4,231
13656,QIFCA7O,231
13672,IESAASG,231
14710,FQ2E19C,231
16702,A1RQGPI,231
19597,8KN3XOJ,231
